# Title FirstName, LastName, login, password
Professor, Michael, Reed, mreed, mreed
Mr, David, Townshend, dtownshend, dtownshend
Mr, Rajesh, Kakwani, rkakwani, rkakwani
Mr, An, Murty, amurty, amurty
Mr, Jonathan, Coorsh, jcoorsh, jcoorsh
Mr, John, Leitch, jleitch, jleitch
